{"main":"Outerlies_in_Quantization.md","title":"Outerlies_in_Quantization","version":2,"fileResources":[{"filename":"images/1571256901927.png","type":"image/png"},{"filename":"images/1571257386709.png","type":"image/png"},{"filename":"images/1571257685018.png","type":"image/png"},{"filename":"063b55aba0cc81076ff93d1f9e6d3978.png","type":"image/png"},{"filename":"images/1571258283665.png","type":"image/png"},{"filename":"images/1571258683904.png","type":"image/png"},{"filename":"3d108affa288763982d794f949d1eba7.png","type":"image/png"},{"filename":"images/1571258817748.png","type":"image/png"},{"filename":"images/1571259073349.png","type":"image/png"},{"filename":"images/1571270231553.png","type":"image/png"},{"filename":"images/1571270451642.png","type":"image/png"},{"filename":"80bba60aacb596d746ee8736eec4d9a3.png","type":"image/png"},{"filename":"d343a8d6dc6af5c9013627684f756726.png","type":"image/png"},{"filename":"images/1571284208892.png","type":"image/png"},{"filename":"images/1571284290200.png","type":"image/png"},{"filename":"images/1571284601419.png","type":"image/png"},{"filename":"images/1571328007736.png","type":"image/png"},{"filename":"images/1571328196837.png","type":"image/png"},{"filename":"images/1571328130540.png","type":"image/png"},{"filename":"images/1571328398567.png","type":"image/png"},{"filename":"images/1571330173197.png","type":"image/png"}]}